Workbook

Sheet Instructions
A1: AWS Cost Audit Playbook
A3: How to use this template
A5: 1. Start with the Baseline tab - document your current spend before making changes
A6: 2. Use Discovery Checklist to systematically review each area
A7: 3. Log all findings in the Findings Tracker with estimated savings
A8: 4. Prioritize using the effort/impact matrix
A9: 5. Track implementation in the Implementation Plan tab
A10: 6. Set up monitoring using the Monitoring Setup checklist
A12: Time Estimates
A13: Small account (<50 resources): 4-6 hours
A14: Medium account (50-200 resources): 6-10 hours
A15: Large account (200+ resources): 2-3 days
... A46: Contact us for a free initial assessment: https://innomizetech.com/contact-us

Sheet Baseline
A1: AWS Cost Baseline
A2: Complete BEFORE making changes
A4: Audit Information
A5: Audit Date
A6: AWS Account ID
A7: Account Name
A8: Auditor
A10: Monthly Spend (Last 3 Months)
A11: Month | B11: Spend ($) | C11: Notes
A15: 3-Month Average | B15: =AVERAGE(B12:B14)
A17: Top 10 Services by Cost
A18: Rank | B18: Service | C18: Cost ($) | D18: % Total
A19: 1 | D19: =IF(C19>0,C19/$B$15,"")
A20: 2 | D20: =IF(C20>0,C20/$B$15,"")
A21: 3 | D21: =IF(C21>0,C21/$B$15,"")
A22: 4 | D22: =IF(C22>0,C22/$B$15,"")
A23: 5 | D23: =IF(C23>0,C23/$B$15,"")
A24: 6 | D24: =IF(C24>0,C24/$B$15,"")
A25: 7 | D25: =IF(C25>0,C25/$B$15,"")
A26: 8 | D26: =IF(C26>0,C26/$B$15,"")
A27: 9 | D27: =IF(C27>0,C27/$B$15,"")
A28: 10 | D28: =IF(C28>0,C28/$B$15,"")
A30: Compliance Requirements
A31: Data Retention Policy
A32: RPO Requirement
A33: RTO Requirement
A34: Audit Log Retention

Sheet Discovery Checklist
A1: Discovery Checklist
A3: COMPUTE
A4: Done | B4: Check Item | C4: Finding | D4: Notes
A5: ☐ | B5: Review Compute Optimizer recommendations
A6: ☐ | B6: Check EC2 instances <20% avg CPU
A7: ☐ | B7: Find stopped instances (>1 week)
A8: ☐ | B8: List old-gen types (m4, c4, r4, m5, c5)
A9: ☐ | B9: Identify Graviton migration candidates
A10: ☐ | B10: Review Lambda memory vs usage
A12: STORAGE
A13: Done | B13: Check Item | C13: Finding | D13: Notes
A14: ☐ | B14: List unattached EBS volumes
A15: ☐ | B15: Identify gp2 volumes (migrate to gp3)
A16: ☐ | B16: Find snapshots >90 days old
A17: ☐ | B17: Find orphaned snapshots
A18: ☐ | B18: Check S3 buckets >1TB without lifecycle
A19: ☐ | B19: Review versioned buckets without lifecycle
A21: DATABASE
A22: Done | B22: Check Item | C22: Finding | D22: Notes
A23: ☐ | B23: Check RDS instances <20% avg CPU
A24: ☐ | B24: Find RDS with zero connections
A25: ☐ | B25: Identify Multi-AZ on non-prod
A26: ☐ | B26: List old-gen RDS classes
A27: ☐ | B27: Review DynamoDB capacity utilization
A29: NETWORK
A30: Done | B30: Check Item | C30: Finding | D30: Notes
A31: ☐ | B31: Review Data Transfer costs
A32: ☐ | B32: Check inter-region transfer >$100/mo
A33: ☐ | B33: Count NAT Gateways ($32/mo each)
A34: ☐ | B34: Find unassociated Elastic IPs
A35: ☐ | B35: Check idle load balancers
A37: COMMITMENTS
A38: Done | B38: Check Item | C38: Finding | D38: Notes
A39: ☐ | B39: Check RI utilization (<80% = waste)
A40: ☐ | B40: Check Savings Plans utilization
A41: ☐ | B41: Identify coverage gaps

Sheet Findings Tracker
A1: Findings Tracker
A3: ID | B3: Category | C3: Finding | D3: Resource | E3: Current $/Mo | F3: Savings $/Mo | G3: Annual Savings | H3: Effort | I3: Risk | J3: Priority | K3: Action | L3: Owner | M3: Due Date | N3: Status | O3: Actual $/Mo | P3: Notes
A4: F001 | B4: Compute | C4: Oversized EC2 | D4: web-server-1 | E4: 140 | F4: 70 | G4: =F4*12 | H4: Low | I4: Low | J4: High | K4: Downsize to m5.large | L4: DevOps | N4: Pending
A5: F002 | B5: Storage | C5: Unattached EBS | D5: vol-abc123 | E5: 50 | F5: 50 | G5: =F5*12 | H5: Quick Win | I5: None | J5: High | K5: Delete after backup | L5: DevOps | N5: Pending | P5: Verify no data needed
A6: F003 | B6: Storage | C6: gp2 volumes | D6: 5 volumes (2TB) | E6: 200 | F6: 0 | G6: =F6*12 | H6: Quick Win | I6: None | J6: High | K6: Migrate to gp3 | L6: DevOps | N6: Pending | P6: Free perf improvement
A7: F004 | G7: =IF(F7>0,F7*12,"")
A8: F005 | G8: =IF(F8>0,F8*12,"")
A9: F006 | G9: =IF(F9>0,F9*12,"")
A10: F007 | G10: =IF(F10>0,F10*12,"")
A11: F008 | G11: =IF(F11>0,F11*12,"")
A12: F009 | G12: =IF(F12>0,F12*12,"")
A13: F010 | G13: =IF(F13>0,F13*12,"")
A14: F011 | G14: =IF(F14>0,F14*12,"")
A15: F012 | G15: =IF(F15>0,F15*12,"")
A16: F013 | G16: =IF(F16>0,F16*12,"")
A17: F014 | G17: =IF(F17>0,F17*12,"")
A18: F015 | G18: =IF(F18>0,F18*12,"")
... A39: F036 | G39: =IF(F39>0,F39*12,"")
G40: =IF(F40>0,F40*12,"")
D41: TOTAL | E41: =SUM(E4:E40) | F41: =SUM(F4:F40) | G41: =IF(F41>0,F41*12,"")
G42: =IF(F42>0,F42*12,"")
G43: =IF(F43>0,F43*12,"")
G44: =IF(F44>0,F44*12,"")
G45: =IF(F45>0,F45*12,"")
G46: =IF(F46>0,F46*12,"")
G47: =IF(F47>0,F47*12,"")
G48: =IF(F48>0,F48*12,"")
G49: =IF(F49>0,F49*12,"")
G50: =IF(F50>0,F50*12,"")
D52: TOTALS | E52: =SUM(E4:E50) | F52: =SUM(F4:F50) | G52: =SUM(G4:G50) | O52: =SUM(O4:O50)
D53: Est. vs Actual | F53: =F52-O52

Sheet Implementation Plan
A1: Implementation Plan
A3: Priority Matrix
B4: Low Effort | C4: High Effort
A5: High Impact | B5: DO FIRST | C5: PLAN NEXT
A6: Low Impact | B6: MAYBE | C6: SKIP
A9: Week 1: Quick Wins
A10: Finding ID | B10: Action | C10: Owner | D10: Target Date | E10: Done | F10: Savings
A16: Weeks 2-3: Low Effort
A17: Finding ID | B17: Action | C17: Owner | D17: Target Date | E17: Done | F17: Savings
A23: Week 4+: Strategic
A24: Finding ID | B24: Action | C24: Owner | D24: Target Date | E24: Done | F24: Savings
A30: Rollback Guidance
A31: Change | B31: Rollback | C31: Time
A32: Instance resize | B32: Resize back | C32: Minutes
A33: Multi-AZ removal | B33: Re-enable | C33: 10-30 min
A34: Snapshot deletion | B34: IRREVERSIBLE | C34: N/A
A35: Savings Plans | B35: IRREVERSIBLE | C35: N/A

Sheet Monitoring Setup
A1: Monitoring Setup
A3: AWS Budgets
A4: Done | B4: Task | C4: Date
A5: ☐ | B5: Create monthly budget
A6: ☐ | B6: Set 80% alert
A7: ☐ | B7: Set 100% alert
A8: ☐ | B8: Per-service budgets (top 5)
A10: Cost Anomaly Detection
A11: Done | B11: Task | C11: Date
A12: ☐ | B12: Enable service (free)
A13: ☐ | B13: Configure threshold
A14: ☐ | B14: Set up notifications
A15: ☐ | B15: Weekly review
A17: Monthly Review (30 min)
A18: Done | B18: Task | C18: Date
A19: ☐ | B19: Cost trend vs baseline
A20: ☐ | B20: Top services growth
A21: ☐ | B21: Commitment utilization
A22: ☐ | B22: New resources check
A24: Quarterly Deep Dive (1-2 hrs)
A25: Done | B25: Task | C25: Date
A26: ☐ | B26: Review new workloads
A27: ☐ | B27: Usage pattern changes
A28: ☐ | B28: New AWS pricing options
A29: ☐ | B29: Re-run Compute Optimizer

Sheet Summary
A1: Audit Summary
A3: Overview
A4: Audit Date | B4: =Baseline!B5
A5: Account | B5: =Baseline!B7
A6: Baseline Spend | B6: =Baseline!B15
A7: Total Findings | B7: =COUNTA('Findings Tracker'!C4:C40)
A8: Est. Savings | B8: ='Findings Tracker'!F41
A9: Savings % | B9: =IF(Baseline!B15>0,'Findings Tracker'!F41/Baseline!B15,0)
A12: By Category
A13: Category | B13: Count | C13: Savings
A14: Compute | B14: =COUNTIF('Findings Tracker'!B:B,A14) | C14: =SUMIF('Findings Tracker'!B:B,A14,'Findings Tracker'!F:F)
A15: Storage | B15: =COUNTIF('Findings Tracker'!B:B,A15) | C15: =SUMIF('Findings Tracker'!B:B,A15,'Findings Tracker'!F:F)
A16: Database | B16: =COUNTIF('Findings Tracker'!B:B,A16) | C16: =SUMIF('Findings Tracker'!B:B,A16,'Findings Tracker'!F:F)
A17: Network | B17: =COUNTIF('Findings Tracker'!B:B,A17) | C17: =SUMIF('Findings Tracker'!B:B,A17,'Findings Tracker'!F:F)
A18: Commitments | B18: =COUNTIF('Findings Tracker'!B:B,A18) | C18: =SUMIF('Findings Tracker'!B:B,A18,'Findings Tracker'!F:F)
A21: Template by INNOMIZE
A22: www.innomizetech.com
A25: Progress Tracking
A26: Total Findings | B26: =COUNTA('Findings Tracker'!C4:C50)
A27: Completed | B27: =COUNTIF('Findings Tracker'!N4:N50,"Done")
A28: In Progress | B28: =COUNTIF('Findings Tracker'!N4:N50,"In Progress")
A29: Blocked | B29: =COUNTIF('Findings Tracker'!N4:N50,"Blocked")
A30: Completion % | B30: =IF(B26>0,B27/B26,0)
A32: Realized Savings
A33: Estimated (Monthly) | B33: ='Findings Tracker'!F52
A34: Actual (Monthly) | B34: ='Findings Tracker'!O52
A35: Variance | B35: =B33-B34
A36: Annual Projected | B36: ='Findings Tracker'!G52

Sheet Quick Reference
A1: Quick Reference Card
A3: Top 10 Quick Wins
A4: 1. Delete unattached EBS volumes | B4: EC2 > Volumes > Available
A5: 2. Migrate gp2 to gp3 | B5: Free performance boost
A6: 3. Release unused Elastic IPs | B6: $3.60/mo each
A7: 4. Remove old snapshots (>90 days) | B7: Check compliance first
A8: 5. Enable S3 lifecycle policies | B8: Buckets >1TB
A9: 6. Right-size EC2 (<20% CPU) | B9: Use Compute Optimizer
A10: 7. Remove Multi-AZ from dev/test RDS | B10: Doubles cost
A11: 8. Delete orphaned snapshots | B11: From deleted volumes
A12: 9. Check NAT Gateway necessity | B12: $32/mo + data
A13: 10. Review idle load balancers | B13: Zero requests = delete
A16: Useful AWS Console Links
A17: Cost Explorer | B17: https://console.aws.amazon.com/cost-management/home#/cost-explorer
A18: Compute Optimizer | B18: https://console.aws.amazon.com/compute-optimizer
A19: Trusted Advisor | B19: https://console.aws.amazon.com/trustedadvisor
A20: S3 Storage Lens | B20: https://console.aws.amazon.com/s3/storage-lens
A21: AWS Budgets | B21: https://console.aws.amazon.com/billing/home#/budgets
A22: Cost Anomaly Detection | B22: https://console.aws.amazon.com/cost-management/home#/anomaly-detection
A25: CLI Commands
A26: Find orphaned snapshots
A27: List unattached volumes
A28: Find unused Elastic IPs
A29: aws ec2 describe-snapshots --owner-ids self --query "Snapshots[?!VolumeId]"
A30: aws ec2 describe-volumes --filters Name=status,Values=available
A31: aws ec2 describe-addresses --query "Addresses[?AssociationId==null]"
